group1,group2,meandiff,p-adj,lower,upper,reject
ACENEG,ARTLUD,-36.8979,0.0001,-63.7814,-10.0144,True
ACENEG,BACSALF,-22.6084,0.2249,-48.6082,3.3915,False
ACENEG,BACSALN,-19.3387,0.6098,-45.5667,6.8893,False
ACENEG,BERFRE,-0.1342,1.0,-54.5861,54.3176,False
ACENEG,BRANIG,-14.7555,0.9999,-50.4026,20.8917,False
ACENEG,BRILON,-27.5668,0.1016,-56.7861,1.6524,False
ACENEG,BRORUB,-39.0361,0.0,-66.529,-11.5432,True
ACENEG,BROTEC,-29.7389,0.0044,-55.3316,-4.1461,True
ACENEG,CLELIG,-33.7471,0.0063,-63.3504,-4.1438,True
ACENEG,ECHCRU,1.3996,1.0,-29.982,32.7812,False
ACENEG,ELYELY,-21.9376,0.9565,-59.5129,15.6378,False
ACENEG,EQULAE,-37.6372,0.0,-63.8652,-11.4092,True
ACENEG,ERINAU,-10.8961,1.0,-41.5429,19.7507,False
ACENEG,EUPACE,-32.5149,0.065,-65.7006,0.6708,False
ACENEG,EUTOCC,-39.0557,0.0,-66.4755,-11.636,True
ACENEG,JUNBAL,-34.0182,0.0003,-60.1036,-7.9328,True
ACENEG,JUNLON,5.2019,1.0,-35.2181,45.622,False
ACENEG,JUNTOR,-35.3814,0.0077,-66.763,-3.9998,True
ACENEG,OENPAL,-30.6638,0.0213,-59.5609,-1.7667,True
ACENEG,PARINS,-24.4202,0.336,-54.0235,5.1831,False
ACENEG,PHRAUS,-32.7277,0.0011,-59.0923,-6.363,True
ACENEG,POLMON,-29.0611,0.0107,-55.3282,-2.794,True
ACENEG,POLVIR,-27.5105,0.1813,-58.3818,3.3609,False
ACENEG,POPFRE,-15.5684,0.959,-42.3562,11.2193,False
ACENEG,QUEGAM,15.5939,0.9956,-15.5215,46.7092,False
ACENEG,SACRAV,-28.9854,0.155,-60.9796,3.0089,False
ACENEG,SALEXI,-13.6586,0.9889,-39.4223,12.1052,False
ACENEG,SALGOO,-5.8535,1.0,-32.7786,21.0716,False
ACENEG,SALTRA,-28.8701,0.0188,-55.8617,-1.8785,True
ACENEG,SOLCAN,-27.7384,0.0551,-55.6841,0.2073,False
ACENEG,STETEN,-27.3394,0.414,-61.588,6.9093,False
ACENEG,TAMRAM,-18.0836,0.7389,-44.0789,7.9118,False
ACENEG,TYPDOM,-38.7592,0.0001,-66.4581,-11.0604,True
ACENEG,VERAME,-38.019,0.0001,-65.7179,-10.3202,True
ACENEG,VULOCT,-39.1851,0.0,-65.2383,-13.1319,True
ARTLUD,BACSALF,14.2896,0.0007,2.9761,25.6031,True
ARTLUD,BACSALN,17.5592,0.0,5.7308,29.3876,True
ARTLUD,BERFRE,36.7637,0.5758,-12.3994,85.9268,False
ARTLUD,BRANIG,22.1425,0.3395,-4.741,49.0259,False
ARTLUD,BRILON,9.3311,0.9877,-8.1551,26.8172,False
ARTLUD,BRORUB,-2.1382,1.0,-16.5556,12.2792,False
ARTLUD,BROTEC,7.1591,0.7491,-3.1847,17.5028,False
ARTLUD,CLELIG,3.1508,1.0,-14.9699,21.2715,False
ARTLUD,ECHCRU,38.2975,0.0,17.3975,59.1975,True
ARTLUD,ELYELY,14.9603,0.9942,-14.432,44.3527,False
ARTLUD,EQULAE,-0.7393,1.0,-12.5677,11.0891,False
ARTLUD,ERINAU,26.0018,0.0003,6.2223,45.7813,True
ARTLUD,EUPACE,4.383,1.0,-19.1392,27.9052,False
ARTLUD,EUTOCC,-2.1578,1.0,-16.4352,12.1196,False
ARTLUD,JUNBAL,2.8797,1.0,-8.6291,14.3885,False
ARTLUD,JUNLON,42.0999,0.0006,9.1486,75.0511,True
ARTLUD,JUNTOR,1.5165,1.0,-19.3835,22.4165,False
ARTLUD,OENPAL,6.2341,1.0,-10.7083,23.1766,False
ARTLUD,PARINS,12.4777,0.759,-5.643,30.5984,False
ARTLUD,PHRAUS,4.1702,1.0,-7.9581,16.2986,False
ARTLUD,POLMON,7.8368,0.8379,-4.078,19.7517,False
ARTLUD,POLVIR,9.3875,0.9988,-10.7382,29.5131,False
ARTLUD,POPFRE,21.3295,0.0,8.307,34.3519,True
ARTLUD,QUEGAM,52.4918,0.0,31.9937,72.9898,True
ARTLUD,SACRAV,7.9126,1.0,-13.8965,29.7217,False
ARTLUD,SALEXI,23.2394,0.0,12.4796,33.9991,True
ARTLUD,SALGOO,31.0444,0.0,17.7417,44.3472,True
ARTLUD,SALTRA,8.0278,0.9421,-5.409,21.4646,False
ARTLUD,SOLCAN,9.1595,0.9389,-6.1037,24.4227,False
ARTLUD,STETEN,9.5585,1.0,-15.4409,34.558,False
ARTLUD,TAMRAM,18.8143,0.0,7.5112,30.1175,True
ARTLUD,TYPDOM,-1.8613,1.0,-16.6677,12.9451,False
ARTLUD,VERAME,-1.1211,1.0,-15.9275,13.6853,False
ARTLUD,VULOCT,-2.2872,1.0,-13.7228,9.1483,False
BACSALF,BACSALN,3.2696,1.0,-6.3835,12.9227,False
BACSALF,BERFRE,22.4741,0.999,-26.2114,71.1597,False
BACSALF,BRANIG,7.8529,1.0,-18.147,33.8527,False
BACSALF,BRILON,-4.9585,1.0,-21.0532,11.1362,False
BACSALF,BRORUB,-16.4277,0.0004,-29.1215,-3.7339,True
BACSALF,BROTEC,-7.1305,0.1351,-14.8936,0.6326,False
BACSALF,CLELIG,-11.1388,0.8238,-27.9206,5.6431,False
BACSALF,ECHCRU,24.0079,0.0017,4.2575,43.7584,True
BACSALF,ELYELY,0.6708,1.0,-27.9156,29.2572,False
BACSALF,EQULAE,-15.0289,0.0,-24.682,-5.3758,True
BACSALF,ERINAU,11.7122,0.8925,-6.8485,30.273,False
BACSALF,EUPACE,-9.9066,0.9996,-32.4135,12.6004,False
BACSALF,EUTOCC,-16.4474,0.0003,-28.982,-3.9128,True
BACSALF,JUNBAL,-11.4098,0.0013,-20.6685,-2.1512,True
BACSALF,JUNLON,27.8103,0.2401,-4.4241,60.0447,False
BACSALF,JUNTOR,-12.7731,0.862,-32.5235,6.9774,False
BACSALF,OENPAL,-8.0554,0.9919,-23.5576,7.4468,False
BACSALF,PARINS,-1.8119,1.0,-18.5938,14.97,False
BACSALF,PHRAUS,-10.1193,0.0437,-20.1377,-0.1009,True
BACSALF,POLMON,-6.4527,0.8298,-16.2115,3.3061,False
BACSALF,POLVIR,-4.9021,1.0,-23.8313,14.0271,False
BACSALF,POPFRE,7.0399,0.8849,-4.0441,18.124,False
BACSALF,QUEGAM,38.2022,0.0,18.8776,57.5268,True
BACSALF,SACRAV,-6.377,1.0,-27.0871,14.3331,False
BACSALF,SALEXI,8.9498,0.0168,0.6405,17.2591,True
BACSALF,SALGOO,16.7549,0.0,5.3428,28.1669,True
BACSALF,SALTRA,-6.2618,0.9848,-17.8298,5.3063,False
BACSALF,SOLCAN,-5.1301,1.0,-18.7769,8.5168,False
BACSALF,STETEN,-4.731,1.0,-28.7777,19.3157,False
BACSALF,TAMRAM,4.5248,0.9953,-4.477,13.5266,False
BACSALF,TYPDOM,-16.1509,0.0013,-29.2848,-3.0169,True
BACSALF,VERAME,-15.4107,0.0036,-28.5446,-2.2767,True
BACSALF,VULOCT,-16.5768,0.0,-25.7443,-7.4093,True
BACSALN,BERFRE,19.2045,1.0,-29.6033,68.0122,False
BACSALN,BRANIG,4.5833,1.0,-21.6447,30.8113,False
BACSALN,BRILON,-8.2281,0.9958,-24.6888,8.2325,False
BACSALN,BRORUB,-19.6974,0.0,-32.8521,-6.5426,True
BACSALN,BROTEC,-10.4001,0.0015,-18.896,-1.9042,True
BACSALN,CLELIG,-14.4084,0.293,-31.5416,2.7248,False
BACSALN,ECHCRU,20.7383,0.0313,0.6885,40.7882,True
BACSALN,ELYELY,-2.5988,1.0,-31.3929,26.1952,False
BACSALN,EQULAE,-18.2985,0.0,-28.5502,-8.0468,True
BACSALN,ERINAU,8.4426,0.9995,-10.4364,27.3216,False
BACSALN,EUPACE,-13.1762,0.9612,-35.9463,9.5939,False
BACSALN,EUTOCC,-19.717,0.0,-32.7182,-6.7158,True
BACSALN,JUNBAL,-14.6795,0.0,-24.5607,-4.7983,True
BACSALN,JUNLON,24.5407,0.5457,-7.878,56.9593,False
BACSALN,JUNTOR,-16.0427,0.4082,-36.0925,4.0072,False
BACSALN,OENPAL,-11.325,0.6868,-27.2069,4.5568,False
BACSALN,PARINS,-5.0815,1.0,-22.2147,12.0517,False
BACSALN,PHRAUS,-13.3889,0.0007,-23.9853,-2.7926,True
BACSALN,POLMON,-9.7223,0.1067,-20.0736,0.629,False
BACSALN,POLVIR,-8.1717,0.9998,-27.413,11.0696,False
BACSALN,POPFRE,3.7703,1.0,-7.8388,15.3794,False
BACSALN,QUEGAM,34.9326,0.0,15.3021,54.5631,True
BACSALN,SACRAV,-9.6466,0.9991,-30.6424,11.3492,False
BACSALN,SALEXI,5.6802,0.892,-3.3175,14.6779,False
BACSALN,SALGOO,13.4853,0.0073,1.5626,25.4079,True
BACSALN,SALTRA,-9.5314,0.441,-21.6034,2.5407,False
BACSALN,SOLCAN,-8.3997,0.9429,-22.4763,5.677,False
BACSALN,STETEN,-8.0006,1.0,-32.2938,16.2926,False
BACSALN,TAMRAM,1.2552,1.0,-8.3857,10.8961,False
BACSALN,TYPDOM,-19.4205,0.0,-33.0004,-5.8405,True
BACSALN,VERAME,-18.6803,0.0001,-32.2603,-5.1003,True
BACSALN,VULOCT,-19.8464,0.0,-29.6422,-10.0506,True
BERFRE,BRANIG,-14.6212,1.0,-69.0731,39.8307,False
BERFRE,BRILON,-27.4326,0.9838,-77.9109,23.0456,False
BERFRE,BRORUB,-38.9018,0.4524,-88.4008,10.5971,False
BERFRE,BROTEC,-29.6046,0.9248,-78.074,18.8648,False
BERFRE,CLELIG,-33.6129,0.8256,-84.3144,17.0887,False
BERFRE,ECHCRU,1.5338,1.0,-50.2262,53.2938,False
BERFRE,ELYELY,-21.8033,1.0,-77.5366,33.93,False
BERFRE,EQULAE,-37.503,0.5086,-86.3107,11.3048,False
BERFRE,ERINAU,-10.7619,1.0,-62.0797,40.5559,False
BERFRE,EUPACE,-32.3807,0.9225,-85.2539,20.4926,False
BERFRE,EUTOCC,-38.9215,0.4491,-88.3799,10.5369,False
BERFRE,JUNBAL,-33.884,0.7399,-82.6153,14.8473,False
BERFRE,JUNLON,5.3362,1.0,-52.3532,63.0256,False
BERFRE,JUNTOR,-35.2472,0.7799,-87.0072,16.5128,False
BERFRE,OENPAL,-30.5295,0.93,-80.822,19.763,False
BERFRE,PARINS,-24.286,0.998,-74.9875,26.4156,False
BERFRE,PHRAUS,-32.5934,0.8164,-81.4747,16.2879,False
BERFRE,POLMON,-28.9268,0.9477,-77.7556,19.902,False
BERFRE,POLVIR,-27.3762,0.9883,-78.8284,24.076,False
BERFRE,POPFRE,-15.4342,1.0,-64.545,33.6766,False
BERFRE,QUEGAM,15.7281,1.0,-35.8709,67.3271,False
BERFRE,SACRAV,-28.8511,0.9789,-80.9848,23.2826,False
BERFRE,SALEXI,-13.5243,1.0,-62.0842,35.0355,False
BERFRE,SALGOO,-5.7192,1.0,-54.9051,43.4667,False
BERFRE,SALTRA,-28.7359,0.9565,-77.9582,20.4864,False
BERFRE,SOLCAN,-27.6042,0.9782,-77.3561,22.1477,False
BERFRE,STETEN,-27.2051,0.9944,-80.7519,26.3417,False
BERFRE,TAMRAM,-17.9493,1.0,-66.6325,30.7338,False
BERFRE,TYPDOM,-38.625,0.4759,-88.2386,10.9887,False
BERFRE,VERAME,-37.8848,0.5241,-87.4984,11.7289,False
BERFRE,VULOCT,-39.0509,0.4037,-87.7649,9.6632,False
BRANIG,BRILON,-12.8114,0.9996,-42.0306,16.4078,False
BRANIG,BRORUB,-24.2806,0.1966,-51.7735,3.2122,False
BRANIG,BROTEC,-14.9834,0.9549,-40.5762,10.6094,False
BRANIG,CLELIG,-18.9917,0.8726,-48.595,10.6117,False
BRANIG,ECHCRU,16.155,0.9931,-15.2266,47.5367,False
BRANIG,ELYELY,-7.1821,1.0,-44.7575,30.3933,False
BRANIG,EQULAE,-22.8818,0.2188,-49.1098,3.3462,False
BRANIG,ERINAU,3.8593,1.0,-26.7875,34.5061,False
BRANIG,EUPACE,-17.7595,0.9872,-50.9451,15.4262,False
BRANIG,EUTOCC,-24.3003,0.1906,-51.72,3.1194,False
BRANIG,JUNBAL,-19.2627,0.6062,-45.3482,6.8227,False
BRANIG,JUNLON,19.9574,0.9966,-20.4626,60.3774,False
BRANIG,JUNTOR,-20.626,0.8389,-52.0076,10.7557,False
BRANIG,OENPAL,-15.9083,0.9805,-44.8054,12.9888,False
BRANIG,PARINS,-9.6648,1.0,-39.2681,19.9386,False
BRANIG,PHRAUS,-17.9722,0.778,-44.3368,8.3924,False
BRANIG,POLMON,-14.3056,0.9833,-40.5727,11.9615,False
BRANIG,POLVIR,-12.755,0.9999,-43.6263,18.1163,False
BRANIG,POPFRE,-0.813,1.0,-27.6007,25.9747,False
BRANIG,QUEGAM,30.3493,0.0688,-0.7661,61.4647,False
BRANIG,SACRAV,-14.2299,0.9995,-46.2242,17.7644,False
BRANIG,SALEXI,1.0969,1.0,-24.6668,26.8606,False
BRANIG,SALGOO,8.902,1.0,-18.0231,35.8271,False
BRANIG,SALTRA,-14.1147,0.9911,-41.1062,12.8769,False
BRANIG,SOLCAN,-12.983,0.9989,-40.9287,14.9627,False
BRANIG,STETEN,-12.5839,1.0,-46.8326,21.6647,False
BRANIG,TAMRAM,-3.3281,1.0,-29.3234,22.6672,False
BRANIG,TYPDOM,-24.0038,0.2314,-51.7026,3.6951,False
BRANIG,VERAME,-23.2636,0.2958,-50.9624,4.4353,False
BRANIG,VULOCT,-24.4297,0.1087,-50.4829,1.6235,False
BRILON,BRORUB,-11.4692,0.9062,-29.8786,6.9401,False
BRILON,BROTEC,-2.172,1.0,-17.6004,13.2564,False
BRILON,CLELIG,-6.1803,1.0,-27.614,15.2534,False
BRILON,ECHCRU,28.9664,0.0017,5.1368,52.7961,True
BRILON,ELYELY,5.6293,1.0,-25.9136,37.1722,False
BRILON,EQULAE,-10.0704,0.9234,-26.531,6.3903,False
BRILON,ERINAU,16.6707,0.6352,-6.1825,39.524,False
BRILON,EUPACE,-4.9481,1.0,-31.1078,21.2117,False
BRILON,EUTOCC,-11.4889,0.8981,-29.7888,6.811,False
BRILON,JUNBAL,-6.4514,1.0,-22.6839,9.7812,False
BRILON,JUNLON,32.7688,0.1065,-2.1142,67.6518,False
BRILON,JUNTOR,-7.8146,1.0,-31.6442,16.0151,False
BRILON,OENPAL,-3.0969,1.0,-23.5441,17.3503,False
BRILON,PARINS,3.1466,1.0,-18.2871,24.5803,False
BRILON,PHRAUS,-5.1608,1.0,-21.8383,11.5167,False
BRILON,POLMON,-1.4942,1.0,-18.0171,15.0287,False
BRILON,POLVIR,0.0564,1.0,-23.0971,23.2099,False
BRILON,POPFRE,11.9984,0.7494,-5.3402,29.337,False
BRILON,QUEGAM,43.1607,0.0,19.6828,66.6386,True
BRILON,SACRAV,-1.4185,1.0,-26.0494,23.2124,False
BRILON,SALEXI,13.9083,0.1924,-1.8021,29.6186,False
BRILON,SALGOO,21.7134,0.0012,4.1633,39.2635,True
BRILON,SALTRA,-1.3033,1.0,-18.9552,16.3487,False
BRILON,SOLCAN,-0.1716,1.0,-19.2505,18.9074,False
BRILON,STETEN,0.2275,1.0,-27.2683,27.7232,False
BRILON,TAMRAM,9.4833,0.9509,-6.6041,25.5706,False
BRILON,TYPDOM,-11.1924,0.9414,-29.9079,7.5232,False
BRILON,VERAME,-10.4522,0.976,-29.1677,8.2634,False
BRILON,VULOCT,-11.6183,0.6714,-27.799,4.5624,False
BRORUB,BROTEC,9.2972,0.454,-2.5405,21.1349,False
BRORUB,CLELIG,5.289,1.0,-13.7241,24.302,False
BRORUB,ECHCRU,40.4357,0.0,18.7574,62.1139,True
BRORUB,ELYELY,17.0985,0.9676,-12.8523,47.0493,False
BRORUB,EQULAE,1.3989,1.0,-11.7559,14.5536,False
BRORUB,ERINAU,28.14,0.0001,7.5398,48.7401,True
BRORUB,EUPACE,6.5212,1.0,-17.6951,30.7375,False
BRORUB,EUTOCC,-0.0197,1.0,-15.4139,15.3745,False
BRORUB,JUNBAL,5.0179,1.0,-7.8503,17.886,False
BRORUB,JUNLON,44.238,0.0002,10.7878,77.6883,True
BRORUB,JUNTOR,3.6547,1.0,-18.0236,25.3329,False
BRORUB,OENPAL,8.3723,0.9987,-9.5214,26.266,False
BRORUB,PARINS,14.6159,0.5075,-4.3972,33.6289,False
BRORUB,PHRAUS,6.3084,0.9986,-7.1167,19.7335,False
BRORUB,POLMON,9.975,0.556,-3.2575,23.2076,False
BRORUB,POLVIR,11.5256,0.9804,-9.4071,32.4583,False
BRORUB,POPFRE,23.4676,0.0,9.2296,37.7057,True
BRORUB,QUEGAM,54.6299,0.0,33.3389,75.9209,True
BRORUB,SACRAV,10.0507,0.9995,-12.5053,32.6067,False
BRORUB,SALEXI,25.3775,0.0,13.1747,37.5804,True
BRORUB,SALGOO,33.1826,0.0,18.6877,47.6775,True
BRORUB,SALTRA,10.166,0.7395,-4.452,24.7839,False
BRORUB,SOLCAN,11.2977,0.7478,-5.015,27.6103,False
BRORUB,STETEN,11.6967,0.9992,-13.957,37.3504,False
BRORUB,TAMRAM,20.9525,0.0,8.268,33.6371,True
BRORUB,TYPDOM,0.2769,1.0,-15.6092,16.1629,False
BRORUB,VERAME,1.0171,1.0,-14.869,16.9031,False
BRORUB,VULOCT,-0.1491,1.0,-12.9517,12.6536,False
BROTEC,CLELIG,-4.0083,1.0,-20.1523,12.1358,False
BROTEC,ECHCRU,31.1384,0.0,11.927,50.3499,True
BROTEC,ELYELY,7.8013,1.0,-20.4154,36.018,False
BROTEC,EQULAE,-7.8984,0.1192,-16.3943,0.5975,False
BROTEC,ERINAU,18.8427,0.0259,0.8566,36.8288,True
BROTEC,EUPACE,-2.7761,1.0,-24.8115,19.2594,False
BROTEC,EUTOCC,-9.3169,0.413,-20.9837,2.3499,False
BROTEC,JUNBAL,-4.2793,0.9883,-12.3243,3.7656,False
BROTEC,JUNLON,34.9408,0.0128,3.0339,66.8477,True
BROTEC,JUNTOR,-5.6426,1.0,-24.854,13.5689,False
BROTEC,OENPAL,-0.9249,1.0,-15.7342,13.8844,False
BROTEC,PARINS,5.3186,1.0,-10.8254,21.4627,False
BROTEC,PHRAUS,-2.9888,1.0,-11.8976,5.92,False
BROTEC,POLMON,0.6778,1.0,-7.9381,9.2937,False
BROTEC,POLVIR,2.2284,1.0,-16.1376,20.5944,False
BROTEC,POPFRE,14.1704,0.0,4.0781,24.2627,True
BROTEC,QUEGAM,45.3327,0.0,26.5594,64.1061,True
BROTEC,SACRAV,0.7535,1.0,-19.4432,20.9502,False
BROTEC,SALEXI,16.0803,0.0,9.1491,23.0116,True
BROTEC,SALGOO,23.8854,0.0,13.4339,34.3369,True
BROTEC,SALTRA,0.8687,1.0,-9.7528,11.4903,False
BROTEC,SOLCAN,2.0004,1.0,-10.8539,14.8548,False
BROTEC,STETEN,2.3995,1.0,-21.2065,26.0055,False
BROTEC,TAMRAM,11.6553,0.0,3.9074,19.4032,True
BROTEC,TYPDOM,-9.0204,0.6243,-21.3288,3.2881,False
BROTEC,VERAME,-8.2802,0.8015,-20.5886,4.0283,False
BROTEC,VULOCT,-9.4463,0.0027,-17.3861,-1.5064,True
CLELIG,ECHCRU,35.1467,0.0,10.8476,59.4458,True
CLELIG,ELYELY,11.8095,1.0,-20.0895,43.7086,False
CLELIG,EQULAE,-3.8901,1.0,-21.0233,13.2431,False
CLELIG,ERINAU,22.851,0.0657,-0.4914,46.1933,False
CLELIG,EUPACE,1.2322,1.0,-25.3559,27.8203,False
CLELIG,EUTOCC,-5.3086,1.0,-24.2158,13.5985,False
CLELIG,JUNBAL,-0.2711,1.0,-17.1852,16.6431,False
CLELIG,JUNLON,38.9491,0.0107,3.7437,74.1545,True
CLELIG,JUNTOR,-1.6343,1.0,-25.9334,22.6648,False
CLELIG,OENPAL,3.0833,1.0,-17.9091,24.0758,False
CLELIG,PARINS,9.3269,0.9998,-12.6275,31.2813,False
CLELIG,PHRAUS,1.0195,1.0,-16.3222,18.3611,False
CLELIG,POLMON,4.6861,1.0,-12.507,21.8791,False
CLELIG,POLVIR,6.2367,1.0,-17.3997,29.873,False
CLELIG,POPFRE,18.1787,0.0431,0.2003,36.157,True
CLELIG,QUEGAM,49.341,0.0,25.3867,73.2952,True
CLELIG,SACRAV,4.7618,1.0,-20.3236,29.8471,False
CLELIG,SALEXI,20.0886,0.0015,3.6749,36.5022,True
CLELIG,SALGOO,27.8936,0.0,9.7112,46.0761,True
CLELIG,SALTRA,4.877,1.0,-13.4037,23.1577,False
CLELIG,SOLCAN,6.0087,1.0,-13.6535,25.6709,False
CLELIG,STETEN,6.4077,1.0,-21.4958,34.3113,False
CLELIG,TAMRAM,15.6635,0.1137,-1.1113,32.4384,False
CLELIG,TYPDOM,-5.0121,1.0,-24.3218,14.2976,False
CLELIG,VERAME,-4.2719,1.0,-23.5816,15.0378,False
CLELIG,VULOCT,-5.438,1.0,-22.3024,11.4264,False
ECHCRU,ELYELY,-23.3372,0.7394,-56.893,10.2187,False
ECHCRU,EQULAE,-39.0368,0.0,-59.0867,-18.987,True
ECHCRU,ERINAU,-12.2957,0.9978,-37.8557,13.2643,False
ECHCRU,EUPACE,-33.9145,0.0028,-62.4693,-5.3597,True
ECHCRU,EUTOCC,-40.4553,0.0,-62.0407,-18.8699,True
ECHCRU,JUNBAL,-35.4178,0.0,-55.2808,-15.5548,True
ECHCRU,JUNLON,3.8024,1.0,-32.911,40.5157,False
ECHCRU,JUNTOR,-36.781,0.0001,-63.2176,-10.3444,True
ECHCRU,OENPAL,-32.0634,0.0001,-55.4969,-8.6298,True
ECHCRU,PARINS,-25.8198,0.0209,-50.1189,-1.5207,True
ECHCRU,PHRAUS,-34.1273,0.0,-54.3555,-13.899,True
ECHCRU,POLMON,-30.4607,0.0,-50.5616,-10.3597,True
ECHCRU,POLVIR,-28.91,0.0088,-54.7388,-3.0812,True
ECHCRU,POPFRE,-16.968,0.3592,-37.7447,3.8086,False
ECHCRU,QUEGAM,14.1943,0.9838,-11.9257,40.3143,False
ECHCRU,SACRAV,-30.3849,0.0088,-57.546,-3.2239,True
ECHCRU,SALEXI,-15.0581,0.4883,-34.4967,4.3804,False
ECHCRU,SALGOO,-7.2531,1.0,-28.2066,13.7004,False
ECHCRU,SALTRA,-30.2697,0.0,-51.3086,-9.2308,True
ECHCRU,SOLCAN,-29.138,0.0003,-51.3877,-6.8883,True
ECHCRU,STETEN,-28.739,0.0783,-58.5225,1.0446,False
ECHCRU,TAMRAM,-19.4832,0.0594,-39.2277,0.2614,False
ECHCRU,TYPDOM,-40.1588,0.0,-62.0977,-18.2199,True
ECHCRU,VERAME,-39.4186,0.0,-61.3575,-17.4797,True
ECHCRU,VULOCT,-40.5847,0.0,-60.4053,-20.7641,True
ELYELY,EQULAE,-15.6996,0.983,-44.4937,13.0944,False
ELYELY,ERINAU,11.0414,1.0,-21.8282,43.9111,False
ELYELY,EUPACE,-10.5773,1.0,-45.8262,24.6715,False
ELYELY,EUTOCC,-17.1182,0.9661,-47.0018,12.7655,False
ELYELY,JUNBAL,-12.0806,0.9998,-40.7449,16.5836,False
ELYELY,JUNLON,27.1395,0.8673,-14.9909,69.2699,False
ELYELY,JUNTOR,-13.4438,0.9999,-46.9997,20.112,False
ELYELY,OENPAL,-8.7262,1.0,-39.9709,22.5186,False
ELYELY,PARINS,-2.4826,1.0,-34.3817,29.4164,False
ELYELY,PHRAUS,-10.7901,1.0,-39.7087,18.1285,False
ELYELY,POLMON,-7.1235,1.0,-35.9532,21.7062,False
ELYELY,POLVIR,-5.5729,1.0,-38.652,27.5063,False
ELYELY,POPFRE,6.3691,1.0,-22.9357,35.674,False
ELYELY,QUEGAM,37.5314,0.0078,4.2244,70.8384,True
ELYELY,SACRAV,-7.0478,1.0,-41.1773,27.0817,False
ELYELY,SALEXI,8.279,1.0,-20.0928,36.6508,False
ELYELY,SALGOO,16.0841,0.9824,-13.3464,45.5146,False
ELYELY,SALTRA,-6.9325,1.0,-36.4238,22.5587,False
ELYELY,SOLCAN,-5.8008,1.0,-36.1678,24.5661,False
ELYELY,STETEN,-5.4018,1.0,-41.6532,30.8496,False
ELYELY,TAMRAM,3.854,1.0,-24.7283,32.4363,False
ELYELY,TYPDOM,-16.8216,0.9762,-46.9616,13.3183,False
ELYELY,VERAME,-16.0814,0.9878,-46.2214,14.0585,False
ELYELY,VULOCT,-17.2476,0.9361,-45.8825,11.3874,False
EQULAE,ERINAU,26.7411,0.0,7.8621,45.6201,True
EQULAE,EUPACE,5.1223,1.0,-17.6478,27.8924,False
EQULAE,EUTOCC,-1.4185,1.0,-14.4197,11.5827,False
EQULAE,JUNBAL,3.619,1.0,-6.2622,13.5002,False
EQULAE,JUNLON,42.8392,0.0002,10.4205,75.2578,True
EQULAE,JUNTOR,2.2558,1.0,-17.794,22.3057,False
EQULAE,OENPAL,6.9735,0.9996,-8.9084,22.8553,False
EQULAE,PARINS,13.217,0.4987,-3.9162,30.3502,False
EQULAE,PHRAUS,4.9096,0.9989,-5.6868,15.5059,False
EQULAE,POLMON,8.5762,0.326,-1.7752,18.9275,False
EQULAE,POLVIR,10.1268,0.9901,-9.1145,29.3681,False
EQULAE,POPFRE,22.0688,0.0,10.4597,33.6779,True
EQULAE,QUEGAM,53.2311,0.0,33.6006,72.8616,True
EQULAE,SACRAV,8.6519,0.9999,-12.3439,29.6477,False
EQULAE,SALEXI,23.9787,0.0,14.981,32.9764,True
EQULAE,SALGOO,31.7838,0.0,19.8611,43.7064,True
EQULAE,SALTRA,8.7671,0.6455,-3.3049,20.8392,False
EQULAE,SOLCAN,9.8988,0.7167,-4.1778,23.9754,False
EQULAE,STETEN,10.2979,0.9998,-13.9954,34.5911,False
EQULAE,TAMRAM,19.5537,0.0,9.9128,29.1946,True
EQULAE,TYPDOM,-1.122,1.0,-14.7019,12.458,False
EQULAE,VERAME,-0.3818,1.0,-13.9618,13.1982,False
EQULAE,VULOCT,-1.5479,1.0,-11.3437,8.2479,False
ERINAU,EUPACE,-21.6188,0.4737,-49.364,6.1264,False
ERINAU,EUTOCC,-28.1596,0.0001,-48.662,-7.6572,True
ERINAU,JUNBAL,-23.1221,0.0012,-41.8025,-4.4417,True
ERINAU,JUNLON,16.0981,0.9995,-19.9892,52.1853,False
ERINAU,JUNTOR,-24.4853,0.0853,-50.0453,1.0747,False
ERINAU,OENPAL,-19.7676,0.2011,-42.2076,2.6723,False
ERINAU,PARINS,-13.5241,0.9606,-36.8664,9.8183,False
ERINAU,PHRAUS,-21.8315,0.0058,-40.8999,-2.7632,True
ERINAU,POLMON,-18.1649,0.0838,-37.0982,0.7683,False
ERINAU,POLVIR,-16.6143,0.8173,-41.5452,8.3165,False
ERINAU,POPFRE,-4.6723,1.0,-24.3215,14.9769,False
ERINAU,QUEGAM,26.49,0.0251,1.2576,51.7224,True
ERINAU,SACRAV,-18.0892,0.7618,-44.3978,8.2194,False
ERINAU,SALEXI,-2.7624,1.0,-20.9909,15.4661,False
ERINAU,SALGOO,5.0427,1.0,-14.7934,24.8787,False
ERINAU,SALTRA,-17.974,0.1617,-37.9002,1.9522,False
ERINAU,SOLCAN,-16.8423,0.4258,-38.043,4.3584,False
ERINAU,STETEN,-16.4432,0.9705,-45.4515,12.565,False
ERINAU,TAMRAM,-7.1874,1.0,-25.7418,11.367,False
ERINAU,TYPDOM,-27.8631,0.0002,-48.7373,-6.9888,True
ERINAU,VERAME,-27.1229,0.0004,-47.9971,-6.2486,True
ERINAU,VULOCT,-28.289,0.0,-46.9244,-9.6536,True
EUPACE,EUTOCC,-6.5408,1.0,-30.6741,17.5924,False
EUPACE,JUNBAL,-1.5033,1.0,-24.109,21.1025,False
EUPACE,JUNLON,37.7169,0.0603,-0.55,75.9837,False
EUPACE,JUNTOR,-2.8665,1.0,-31.4213,25.6883,False
EUPACE,OENPAL,1.8511,1.0,-23.9484,27.6506,False
EUPACE,PARINS,8.0947,1.0,-18.4934,34.6828,False
EUPACE,PHRAUS,-0.2128,1.0,-23.1401,22.7146,False
EUPACE,POLMON,3.4538,1.0,-19.3613,26.269,False
EUPACE,POLVIR,5.0045,1.0,-22.9886,32.9975,False
EUPACE,POPFRE,16.9465,0.6532,-6.4662,40.3591,False
EUPACE,QUEGAM,48.1088,0.0,19.8468,76.3707,True
EUPACE,SACRAV,3.5296,1.0,-25.6972,32.7563,False
EUPACE,SALEXI,18.8564,0.2749,-3.3774,41.0901,False
EUPACE,SALGOO,26.6614,0.0072,3.0917,50.2312,True
EUPACE,SALTRA,3.6448,1.0,-20.0008,27.2904,False
EUPACE,SOLCAN,4.7765,1.0,-19.9527,29.5057,False
EUPACE,STETEN,5.1755,1.0,-26.5032,36.8543,False
EUPACE,TAMRAM,14.4313,0.873,-8.0704,36.9331,False
EUPACE,TYPDOM,-6.2443,1.0,-30.6942,18.2056,False
EUPACE,VERAME,-5.5041,1.0,-29.954,18.9458,False
EUPACE,VULOCT,-6.6702,1.0,-29.2388,15.8983,False
EUTOCC,JUNBAL,5.0375,1.0,-7.6736,17.7487,False
EUTOCC,JUNLON,44.2577,0.0002,10.8675,77.6479,True
EUTOCC,JUNTOR,3.6743,1.0,-17.9111,25.2597,False
EUTOCC,OENPAL,8.392,0.9985,-9.3891,26.1731,False
EUTOCC,PARINS,14.6355,0.4902,-4.2716,33.5427,False
EUTOCC,PHRAUS,6.3281,0.9982,-6.9466,19.6028,False
EUTOCC,POLMON,9.9947,0.5224,-3.0852,23.0746,False
EUTOCC,POLVIR,11.5453,0.9786,-9.2913,32.3818,False
EUTOCC,POPFRE,23.4873,0.0,9.391,37.5836,True
EUTOCC,QUEGAM,54.6496,0.0,33.4531,75.846,True
EUTOCC,SACRAV,10.0704,0.9994,-12.3964,32.5372,False
EUTOCC,SALEXI,25.3972,0.0,13.36,37.4343,True
EUTOCC,SALGOO,33.2023,0.0,18.8466,47.5579,True
EUTOCC,SALTRA,10.1856,0.7161,-4.2943,24.6656,False
EUTOCC,SOLCAN,11.3173,0.729,-4.8717,27.5064,False
EUTOCC,STETEN,11.7164,0.9991,-13.8589,37.2916,False
EUTOCC,TAMRAM,20.9722,0.0,8.447,33.4974,True
EUTOCC,TYPDOM,0.2965,1.0,-15.4626,16.0556,False
EUTOCC,VERAME,1.0367,1.0,-14.7224,16.7958,False
EUTOCC,VULOCT,-0.1294,1.0,-12.7742,12.5155,False
JUNBAL,JUNLON,39.2201,0.0018,6.9167,71.5236,True
JUNBAL,JUNTOR,-1.3632,1.0,-21.2262,18.4998,False
JUNBAL,OENPAL,3.3544,1.0,-12.2908,18.9997,False
JUNBAL,PARINS,9.598,0.9701,-7.3162,26.5121,False
JUNBAL,PHRAUS,1.2905,1.0,-8.9478,11.5289,False
JUNBAL,POLMON,4.9571,0.9962,-5.0274,14.9417,False
JUNBAL,POLVIR,6.5077,1.0,-12.5388,25.5543,False
JUNBAL,POPFRE,18.4498,0.0,7.1665,29.7331,True
JUNBAL,QUEGAM,49.6121,0.0,30.1725,69.0516,True
JUNBAL,SACRAV,5.0328,1.0,-15.7846,25.8503,False
JUNBAL,SALEXI,20.3596,0.0,11.7864,28.9329,True
JUNBAL,SALGOO,28.1647,0.0,16.559,39.7704,True
JUNBAL,SALTRA,5.1481,0.9997,-6.611,16.9072,False
JUNBAL,SOLCAN,6.2798,0.9993,-7.5294,20.089,False
JUNBAL,STETEN,6.6788,1.0,-17.4604,30.818,False
JUNBAL,TAMRAM,15.9346,0.0,6.6886,25.1806,True
JUNBAL,TYPDOM,-4.741,1.0,-18.0435,8.5615,False
JUNBAL,VERAME,-4.0008,1.0,-17.3033,9.3017,False
JUNBAL,VULOCT,-5.1669,0.9811,-14.5744,4.2405,False
JUNLON,JUNTOR,-40.5834,0.0109,-77.2967,-3.87,True
JUNLON,OENPAL,-35.8657,0.0305,-70.4794,-1.2521,True
JUNLON,PARINS,-29.6222,0.2918,-64.8276,5.5832,False
JUNLON,PHRAUS,-37.9296,0.0041,-70.4589,-5.4003,True
JUNLON,POLMON,-34.263,0.023,-66.7133,-1.8127,True
JUNLON,POLVIR,-32.7124,0.1622,-68.9905,3.5657,False
JUNLON,POPFRE,-20.7704,0.891,-53.6435,12.1028,False
JUNLON,QUEGAM,10.3919,1.0,-26.0941,46.8779,False
JUNLON,SACRAV,-34.1873,0.1358,-71.4257,3.0511,False
JUNLON,SALEXI,-18.8605,0.9518,-50.9047,13.1837,False
JUNLON,SALGOO,-11.0554,1.0,-44.0406,21.9298,False
JUNLON,SALTRA,-34.0721,0.0327,-67.1115,-1.0326,True
JUNLON,SOLCAN,-32.9404,0.0701,-66.7638,0.8831,False
JUNLON,STETEN,-32.5413,0.3212,-71.7336,6.6509,False
JUNLON,TAMRAM,-23.2855,0.6574,-55.5162,8.9452,False
JUNLON,TYPDOM,-43.9612,0.0003,-77.5809,-10.3414,True
JUNLON,VERAME,-43.221,0.0005,-76.8407,-9.6012,True
JUNLON,VULOCT,-44.3871,0.0001,-76.6645,-12.1097,True
JUNTOR,OENPAL,4.7176,1.0,-18.7159,28.1512,False
JUNTOR,PARINS,10.9612,0.9994,-13.3379,35.2603,False
JUNTOR,PHRAUS,2.6537,1.0,-17.5745,22.882,False
JUNTOR,POLMON,6.3203,1.0,-13.7806,26.4213,False
JUNTOR,POLVIR,7.871,1.0,-17.9578,33.6998,False
JUNTOR,POPFRE,19.813,0.09,-0.9637,40.5896,False
JUNTOR,QUEGAM,50.9753,0.0,24.8553,77.0953,True
JUNTOR,SACRAV,6.3961,1.0,-20.765,33.5571,False
JUNTOR,SALEXI,21.7229,0.009,2.2843,41.1614,True
JUNTOR,SALGOO,29.5279,0.0,8.5744,50.4814,True
JUNTOR,SALTRA,6.5113,1.0,-14.5276,27.5502,False
JUNTOR,SOLCAN,7.643,1.0,-14.6067,29.8927,False
JUNTOR,STETEN,8.042,1.0,-21.7415,37.8256,False
JUNTOR,TAMRAM,17.2978,0.211,-2.4467,37.0424,False
JUNTOR,TYPDOM,-3.3778,1.0,-25.3167,18.5611,False
JUNTOR,VERAME,-2.6376,1.0,-24.5765,19.3013,False
JUNTOR,VULOCT,-3.8037,1.0,-23.6243,16.0169,False
OENPAL,PARINS,6.2435,1.0,-14.7489,27.236,False
OENPAL,PHRAUS,-2.0639,1.0,-18.1704,14.0426,False
OENPAL,POLMON,1.6027,1.0,-14.3436,17.549,False
OENPAL,POLVIR,3.1533,1.0,-19.5923,25.8989,False
OENPAL,POPFRE,15.0953,0.1669,-1.6948,31.8854,False
OENPAL,QUEGAM,46.2576,0.0,23.1818,69.3334,True
OENPAL,SACRAV,1.6784,1.0,-22.5695,25.9263,False
OENPAL,SALEXI,17.0052,0.0079,1.9024,32.108,True
OENPAL,SALGOO,24.8103,0.0,7.8019,41.8187,True
OENPAL,SALTRA,1.7937,1.0,-15.3198,18.9071,False
OENPAL,SOLCAN,2.9254,1.0,-15.6566,21.5073,False
OENPAL,STETEN,3.3244,1.0,-23.8288,30.4776,False
OENPAL,TAMRAM,12.5802,0.3731,-2.9144,28.0748,False
OENPAL,TYPDOM,-8.0954,0.9995,-26.304,10.1131,False
OENPAL,VERAME,-7.3553,0.9999,-25.5638,10.8533,False
OENPAL,VULOCT,-8.5214,0.9824,-24.1128,7.0701,False
PARINS,PHRAUS,-8.3074,0.998,-25.6491,9.0342,False
PARINS,POLMON,-4.6408,1.0,-21.8338,12.5522,False
PARINS,POLVIR,-3.0902,1.0,-26.7266,20.5461,False
PARINS,POPFRE,8.8518,0.9967,-9.1266,26.8301,False
PARINS,QUEGAM,40.0141,0.0,16.0598,63.9683,True
PARINS,SACRAV,-4.5651,1.0,-29.6505,20.5202,False
PARINS,SALEXI,10.7617,0.8426,-5.652,27.1753,False
PARINS,SALGOO,18.5667,0.0376,0.3843,36.7492,True
PARINS,SALTRA,-4.4499,1.0,-22.7306,13.8308,False
PARINS,SOLCAN,-3.3182,1.0,-22.9804,16.344,False
PARINS,STETEN,-2.9192,1.0,-30.8227,24.9844,False
PARINS,TAMRAM,6.3367,1.0,-10.4382,23.1115,False
PARINS,TYPDOM,-14.339,0.5928,-33.6487,4.9707,False
PARINS,VERAME,-13.5988,0.7136,-32.9085,5.7109,False
PARINS,VULOCT,-14.7649,0.2122,-31.6293,2.0995,False
PHRAUS,POLMON,3.6666,1.0,-7.0262,14.3594,False
PHRAUS,POLVIR,5.2172,1.0,-14.2099,24.6444,False
PHRAUS,POPFRE,17.1592,0.0,5.2446,29.0738,True
PHRAUS,QUEGAM,48.3215,0.0,28.5089,68.1342,True
PHRAUS,SACRAV,3.7423,1.0,-17.4239,24.9085,False
PHRAUS,SALEXI,19.0691,0.0,9.6806,28.4577,True
PHRAUS,SALGOO,26.8742,0.0,14.6539,39.0945,True
PHRAUS,SALTRA,3.8576,1.0,-8.5086,16.2237,False
PHRAUS,SOLCAN,4.9893,1.0,-9.3404,19.3189,False
PHRAUS,STETEN,5.3883,1.0,-19.0524,29.829,False
PHRAUS,TAMRAM,14.6441,0.0,4.6374,24.6507,True
PHRAUS,TYPDOM,-6.0315,0.9997,-19.8736,7.8105,False
PHRAUS,VERAME,-5.2914,1.0,-19.1334,8.5507,False
PHRAUS,VULOCT,-6.4575,0.8836,-16.6135,3.6985,False
POLMON,POLVIR,1.5506,1.0,-17.744,20.8452,False
POLMON,POPFRE,13.4926,0.005,1.7954,25.1898,True
POLMON,QUEGAM,44.6549,0.0,24.9722,64.3376,True
POLMON,SACRAV,0.0757,1.0,-20.9689,21.1203,False
POLMON,SALEXI,15.4025,0.0,6.2914,24.5136,True
POLMON,SALGOO,23.2076,0.0,11.1991,35.216,True
POLMON,SALTRA,0.191,1.0,-11.9658,12.3477,False
POLMON,SOLCAN,1.3227,1.0,-12.8267,15.472,False
POLMON,STETEN,1.7217,1.0,-22.6137,26.0571,False
POLMON,TAMRAM,10.9775,0.0078,1.2307,20.7243,True
POLMON,TYPDOM,-9.6981,0.6956,-23.3535,3.9572,False
POLMON,VERAME,-8.958,0.8418,-22.6133,4.6974,False
POLMON,VULOCT,-10.1241,0.0368,-20.0241,-0.224,True
POLVIR,POPFRE,11.942,0.9424,-8.0555,31.9396,False
POLVIR,QUEGAM,43.1043,0.0,17.5997,68.6089,True
POLVIR,SACRAV,-1.4749,1.0,-28.0447,25.0949,False
POLVIR,SALEXI,13.8519,0.5862,-4.7516,32.4554,False
POLVIR,SALGOO,21.657,0.0178,1.4758,41.8382,True
POLVIR,SALTRA,-1.3597,1.0,-21.6295,18.9102,False
POLVIR,SOLCAN,-0.228,1.0,-21.752,21.296,False
POLVIR,STETEN,0.1711,1.0,-29.0743,29.4164,False
POLVIR,TAMRAM,9.4269,0.996,-9.4961,28.3498,False
POLVIR,TYPDOM,-11.2488,0.9888,-32.4513,9.9538,False
POLVIR,VERAME,-10.5086,0.9963,-31.7111,10.6939,False
POLVIR,VULOCT,-11.6747,0.9196,-30.677,7.3277,False
POPFRE,QUEGAM,31.1623,0.0,10.79,51.5346,True
POPFRE,SACRAV,-13.4169,0.9133,-35.1079,8.274,False
POPFRE,SALEXI,1.9099,1.0,-8.6083,12.4281,False
POPFRE,SALGOO,9.715,0.5974,-3.3932,22.8232,False
POPFRE,SALTRA,-13.3017,0.0472,-26.5459,-0.0575,True
POPFRE,SOLCAN,-12.17,0.3897,-27.2639,2.9239,False
POPFRE,STETEN,-11.7709,0.9984,-36.6674,13.1255,False
POPFRE,TAMRAM,-2.5151,1.0,-13.5886,8.5583,False
POPFRE,TYPDOM,-23.1908,0.0,-37.8226,-8.559,True
POPFRE,VERAME,-22.4506,0.0,-37.0824,-7.8188,True
POPFRE,VULOCT,-23.6167,0.0,-34.8253,-12.4081,True
QUEGAM,SACRAV,-44.5792,0.0,-71.4322,-17.7262,True
QUEGAM,SALEXI,-29.2524,0.0,-48.2581,-10.2467,True
QUEGAM,SALGOO,-21.4473,0.0275,-41.9999,-0.8947,True
QUEGAM,SALTRA,-44.464,0.0,-65.1036,-23.8244,True
QUEGAM,SOLCAN,-43.3323,0.0,-65.2049,-21.4597,True
QUEGAM,STETEN,-42.9332,0.0,-72.4361,-13.4304,True
QUEGAM,TAMRAM,-33.6774,0.0,-52.996,-14.3589,True
QUEGAM,TYPDOM,-54.3531,0.0,-75.9094,-32.7968,True
QUEGAM,VERAME,-53.6129,0.0,-75.1692,-32.0566,True
QUEGAM,VULOCT,-54.779,0.0,-74.1753,-35.3827,True
SACRAV,SALEXI,15.3268,0.5658,-5.0861,35.7397,False
SACRAV,SALGOO,23.1319,0.0222,1.2715,44.9923,True
SACRAV,SALTRA,0.1152,1.0,-21.827,22.0575,False
SACRAV,SOLCAN,1.2469,1.0,-21.8589,24.3527,False
SACRAV,STETEN,1.646,1.0,-28.7824,32.0744,False
SACRAV,TAMRAM,10.9018,0.99,-9.8026,31.6062,False
SACRAV,TYPDOM,-9.7739,0.9998,-32.5805,13.0328,False
SACRAV,VERAME,-9.0337,1.0,-31.8403,13.7729,False
SACRAV,VULOCT,-10.1998,0.9969,-30.9768,10.5772,False
SALEXI,SALGOO,7.8051,0.67,-3.0583,18.6684,False
SALEXI,SALTRA,-15.2116,0.0001,-26.2386,-4.1845,True
SALEXI,SOLCAN,-14.0799,0.0194,-27.2713,-0.8884,True
SALEXI,STETEN,-13.6808,0.9643,-37.472,10.1104,False
SALEXI,TAMRAM,-4.425,0.9878,-12.7201,3.8701,False
SALEXI,TYPDOM,-25.1007,0.0,-37.7607,-12.4406,True
SALEXI,VERAME,-24.3605,0.0,-37.0205,-11.7004,True
SALEXI,VULOCT,-25.5266,0.0,-34.0012,-17.0519,True
SALGOO,SALTRA,-23.0166,0.0,-36.5365,-9.4967,True
SALGOO,SOLCAN,-21.8849,0.0,-37.2213,-6.5485,True
SALGOO,STETEN,-21.4859,0.2512,-46.5301,3.5583,False
SALGOO,TAMRAM,-12.2301,0.018,-23.6319,-0.8283,True
SALGOO,TYPDOM,-32.9057,0.0,-47.7876,-18.0239,True
SALGOO,VERAME,-32.1655,0.0,-47.0474,-17.2837,True
SALGOO,VULOCT,-33.3317,0.0,-44.8647,-21.7986,True
SALTRA,SOLCAN,1.1317,1.0,-14.3211,16.5845,False
SALTRA,STETEN,1.5307,1.0,-23.5849,26.6464,False
SALTRA,TAMRAM,10.7865,0.1144,-0.7713,22.3444,False
SALTRA,TYPDOM,-9.8891,0.8345,-24.8909,5.1127,False
SALTRA,VERAME,-9.1489,0.9261,-24.1507,5.8529,False
SALTRA,VULOCT,-10.315,0.1978,-22.0024,1.3724,False
SOLCAN,STETEN,0.399,1.0,-25.7393,26.5374,False
SOLCAN,TAMRAM,9.6548,0.7025,-3.9834,23.2931,False
SOLCAN,TYPDOM,-11.0208,0.8288,-27.6782,5.6366,False
SOLCAN,VERAME,-10.2806,0.9154,-26.938,6.3768,False
SOLCAN,VULOCT,-11.4467,0.315,-25.1949,2.3015,False
STETEN,TAMRAM,9.2558,1.0,-14.786,33.2976,False
STETEN,TYPDOM,-11.4198,0.9996,-37.2941,14.4544,False
STETEN,VERAME,-10.6797,0.9999,-36.5539,15.1946,False
STETEN,VULOCT,-11.8458,0.9968,-35.9501,12.2586,False
TAMRAM,TYPDOM,-20.6756,0.0,-33.8006,-7.5506,True
TAMRAM,VERAME,-19.9355,0.0,-33.0604,-6.8105,True
TAMRAM,VULOCT,-21.1016,0.0,-30.2562,-11.9469,True
TYPDOM,VERAME,0.7402,1.0,-15.4997,16.9801,False
TYPDOM,VULOCT,-0.4259,1.0,-13.6651,12.8133,False
VERAME,VULOCT,-1.1661,1.0,-14.4053,12.0731,False
